Month,Records,Quantity,Revenue
2025-01,10,96,6588512
2025-02,12,110,4628080
2025-03,14,137,8991125
2025-04,12,97,5422488
2025-05,14,98,4629633
2025-06,12,119,5899171
2025-07,11,100,4939366
2025-08,13,147,8773478
2025-09,13,125,7770097
2025-10,13,113,6462311
2025-11,13,136,7927620
2025-12,12,102,4779461
2026-01,13,128,6422400
2026-02,13,118,4293453
2026-03,11,106,7869528
2026-04,13,150,9273242
2026-05,13,125,4926839
2026-06,13,124,6350584
2026-07,13,117,5104004
2026-08,14,137,7762398
